Workbook

Sheet Learning_Roadmap
A1: Topic_ID | B1: Category | C1: Subcategory | D1: Topic | E1: Why_This_Matters | F1: What_to_Master | G1: Hands_On_Exercise | H1: Proof_Artifact | I1: Priority | J1: Difficulty | K1: Est_Hours | L1: Status | M1: Progress_% | N1: Start_Date | O1: Target_Date | P1: Completion_Date | Q1: Revision_Date | R1: Notes
A2: APE-001 | B2: Math + Retrieval Foundations | C2: Vector Mathematics | D2: What embedding dimensions mean and how to choose dimension size | E2: Supports your vector indexing and RAG work claims. | F2: Understand dimensionality, representational capacity, and trade-offs in memory and latency. | G2: Compare retrieval quality for 384, 768, and 1024 dimension embeddings on same corpus. | H2: Short benchmark note with findings and recommendation. | I2: High | J2: Medium | K2: 3 | L2: Not Started | M2: 0 | O2: 2026-03-31
A3: APE-002 | B3: Math + Retrieval Foundations | C3: Vector Mathematics | D3: Dot product, L2 norm, and vector angle intuition | E3: Supports your vector indexing and RAG work claims. | F3: Derive geometric meaning and relation to similarity scores. | G3: Implement similarity functions from scratch in Python and verify against library output. | H3: Notebook with code + interpretation plots. | I3: High | J3: Medium | K3: 3 | L3: Not Started | M3: 0 | O3: 2026-03-31
A4: APE-003 | B4: Math + Retrieval Foundations | C4: Vector Mathematics | D4: Cosine similarity: formula, intuition, and failure modes | E4: Supports your vector indexing and RAG work claims. | F4: Explain when cosine is preferred and where it can mislead. | G4: Run examples where cosine and euclidean rank neighbors differently. | H4: One-page explanation with numeric examples. | I4: High | J4: Medium | K4: 3 | L4: Not Started | M4: 0 | O4: 2026-03-31
A5: APE-004 | B5: Math + Retrieval Foundations | C5: Vector Mathematics | D5: Cosine vs dot vs euclidean: metric selection framework | E5: Supports your vector indexing and RAG work claims. | F5: Choose metric based on normalization, index type, and model behavior. | G5: Evaluate top-k overlap across metrics for one dataset. | H5: Decision matrix for metric selection. | I5: High | J5: Medium | K5: 2 | L5: Not Started | M5: 0 | O5: 2026-03-31
A6: APE-005 | B6: Math + Retrieval Foundations | C6: Vector Mathematics | D6: High-dimensional geometry and distance concentration | E6: Supports your vector indexing and RAG work claims. | F6: Understand why nearest-neighbor search gets harder at higher dimensions. | G6: Simulate random vectors at increasing dimensions and plot distance distributions. | H6: Notebook showing concentration effect. | I6: High | J6: Medium | K6: 3 | L6: Not Started | M6: 0 | O6: 2026-03-31
A7: APE-006 | B7: Math + Retrieval Foundations | C7: Vector Mathematics | D7: Vector normalization and anisotropy in embedding spaces | E7: Supports your vector indexing and RAG work claims. | F7: Identify embedding space quality issues and mitigation ideas. | G7: Measure norm distributions and test normalization effects on retrieval. | H7: Experiment report with before/after metrics. | I7: High | J7: Medium | K7: 3 | L7: Not Started | M7: 0 | O7: 2026-04-07
A8: APE-007 | B8: Math + Retrieval Foundations | C8: Retrieval Evaluation | D8: Precision, recall, F1 for retrieval | E8: Needed for measurable quality improvements in your RAG systems. | F8: Compute and interpret each metric for retriever outputs. | G8: Build a simple evaluator over labeled query-document pairs. | H8: Evaluator script + sample run. | I8: High | J8: Medium | K8: 2 | L8: Not Started | M8: 0 | O8: 2026-04-07
A9: APE-008 | B9: Math + Retrieval Foundations | C9: Retrieval Evaluation | D9: Recall@k, MRR, MAP, nDCG | E9: Needed for measurable quality improvements in your RAG systems. | F9: Use ranking metrics correctly for retrieval tasks. | G9: Implement all metrics and compare two retrievers. | H9: Metric dashboard CSV or notebook. | I9: High | J9: Medium | K9: 3 | L9: Not Started | M9: 0 | O9: 2026-04-07
A10: APE-009 | B10: Math + Retrieval Foundations | C10: Retrieval Evaluation | D10: Offline vs online retrieval evaluation | E10: Needed for measurable quality improvements in your RAG systems. | F10: Know limits of offline metrics and how to validate in production. | G10: Define one offline experiment and one online proxy metric plan. | H10: Evaluation plan document. | I10: High | J10: Medium | K10: 2 | L10: Not Started | M10: 0 | O10: 2026-04-07
A11: APE-010 | B11: Math + Retrieval Foundations | C11: Retrieval Evaluation | D11: Significance testing for A/B model comparisons | E11: Needed for measurable quality improvements in your RAG systems. | F11: Avoid false confidence in small metric gains. | G11: Run bootstrap confidence intervals for two retrievers. | H11: Notebook with confidence interval analysis. | I11: High | J11: Medium | K11: 3 | L11: Not Started | M11: 0 | O11: 2026-04-07
A12: APE-011 | B12: Python for AI Product Engineering | C12: Core Python Reliability | D12: Type hints, Protocol, TypedDict, and generics in AI codebases | E12: Strengthens coding depth behind your AI assistant-aided delivery. | F12: Write maintainable and safer Python interfaces for tools and models. | G12: Refactor one service module with strict typing and mypy checks. | H12: Pull request or local diff with type coverage. | I12: High | J12: Medium | K12: 3 | L12: Not Started | M12: 0 | O12: 2026-04-14
A13: APE-012 | B13: Python for AI Product Engineering | C13: Core Python Reliability | D13: Pydantic v2 for strict schema validation | E13: Strengthens coding depth behind your AI assistant-aided delivery. | F13: Validate model inputs/outputs and avoid silent data corruption. | G13: Design nested request/response schemas with validators. | H13: Schema package + unit tests. | I13: High | J13: Medium | K13: 3 | L13: Not Started | M13: 0 | O13: 2026-04-14
... A101: APE-100 | B101: AI Product Thinking | C101: Product + Delivery | D101: Build-versus-buy decisions for AI infrastructure | E101: Helps convert technical work into measurable product outcomes. | F101: Choose platform dependencies with long-term view. | G101: Compare 2 vendor options vs in-house approach. | H101: Decision memo with risk register. | I101: Medium | J101: Medium | K101: 3 | L101: Not Started | M101: 0 | O101: 2026-08-11

Sheet Dashboard
A1: Metric | B1: Value
A2: Total Topics | B2: =COUNTA(Learning_Roadmap!A:A)-1
A3: Completed | B3: =COUNTIF(Learning_Roadmap!L:L,"Completed")
A4: In Progress | B4: =COUNTIF(Learning_Roadmap!L:L,"Learning")+COUNTIF(Learning_Roadmap!L:L,"Practicing")+COUNTIF(Learning_Roadmap!L:L,"Project Applied")
A5: Blocked | B5: =COUNTIF(Learning_Roadmap!L:L,"Blocked")
A6: Completion % | B6: =IF(B2=0,0,B3/B2)
A7: Total Planned Hours | B7: =SUM(Learning_Roadmap!K:K)
A8: Hours Completed (estimated) | B8: =SUMIFS(Learning_Roadmap!K:K,Learning_Roadmap!L:L,"Completed")
A10: Category | B10: Total | C10: Completed | D10: Progress
A11: Math + Retrieval Foundations | B11: =COUNTIF(Learning_Roadmap!B:B,A11) | C11: =COUNTIFS(Learning_Roadmap!B:B,A11,Learning_Roadmap!L:L,"Completed") | D11: =IF(B11=0,0,C11/B11)
A12: Python for AI Product Engineering | B12: =COUNTIF(Learning_Roadmap!B:B,A12) | C12: =COUNTIFS(Learning_Roadmap!B:B,A12,Learning_Roadmap!L:L,"Completed") | D12: =IF(B12=0,0,C12/B12)
A13: LLM Fundamentals | B13: =COUNTIF(Learning_Roadmap!B:B,A13) | C13: =COUNTIFS(Learning_Roadmap!B:B,A13,Learning_Roadmap!L:L,"Completed") | D13: =IF(B13=0,0,C13/B13)
A14: Prompting + Structured Outputs | B14: =COUNTIF(Learning_Roadmap!B:B,A14) | C14: =COUNTIFS(Learning_Roadmap!B:B,A14,Learning_Roadmap!L:L,"Completed") | D14: =IF(B14=0,0,C14/B14)
A15: Embeddings | B15: =COUNTIF(Learning_Roadmap!B:B,A15) | C15: =COUNTIFS(Learning_Roadmap!B:B,A15,Learning_Roadmap!L:L,"Completed") | D15: =IF(B15=0,0,C15/B15)
A16: Vector Databases | B16: =COUNTIF(Learning_Roadmap!B:B,A16) | C16: =COUNTIFS(Learning_Roadmap!B:B,A16,Learning_Roadmap!L:L,"Completed") | D16: =IF(B16=0,0,C16/B16)
A17: RAG Engineering | B17: =COUNTIF(Learning_Roadmap!B:B,A17) | C17: =COUNTIFS(Learning_Roadmap!B:B,A17,Learning_Roadmap!L:L,"Completed") | D17: =IF(B17=0,0,C17/B17)
A18: Agentic AI Systems | B18: =COUNTIF(Learning_Roadmap!B:B,A18) | C18: =COUNTIFS(Learning_Roadmap!B:B,A18,Learning_Roadmap!L:L,"Completed") | D18: =IF(B18=0,0,C18/B18)
A19: FastAPI + Backend Systems | B19: =COUNTIF(Learning_Roadmap!B:B,A19) | C19: =COUNTIFS(Learning_Roadmap!B:B,A19,Learning_Roadmap!L:L,"Completed") | D19: =IF(B19=0,0,C19/B19)
A20: Data Architecture for AI Products | B20: =COUNTIF(Learning_Roadmap!B:B,A20) | C20: =COUNTIFS(Learning_Roadmap!B:B,A20,Learning_Roadmap!L:L,"Completed") | D20: =IF(B20=0,0,C20/B20)
A21: Safety + Guardrails | B21: =COUNTIF(Learning_Roadmap!B:B,A21) | C21: =COUNTIFS(Learning_Roadmap!B:B,A21,Learning_Roadmap!L:L,"Completed") | D21: =IF(B21=0,0,C21/B21)
A22: Evaluation + Observability | B22: =COUNTIF(Learning_Roadmap!B:B,A22) | C22: =COUNTIFS(Learning_Roadmap!B:B,A22,Learning_Roadmap!L:L,"Completed") | D22: =IF(B22=0,0,C22/B22)
... A24: AI Product Thinking | B24: =COUNTIF(Learning_Roadmap!B:B,A24) | C24: =COUNTIFS(Learning_Roadmap!B:B,A24,Learning_Roadmap!L:L,"Completed") | D24: =IF(B24=0,0,C24/B24)

Sheet 90_Day_Plan
A1: Week | B1: Primary Focus | C1: Suggested Topic IDs | D1: Expected Outcome | E1: Mini Project / Checkpoint
A2: 1 | B2: Vector math + retrieval metrics | C2: APE-001 to APE-010 | D2: You can explain cosine, dimensions, and retrieval metrics clearly. | E2: Write a notebook deriving cosine and evaluating recall@k.
A3: 2 | B3: Python reliability foundations | C3: APE-011 to APE-016 | D3: You write type-safe, testable Python modules. | E3: Refactor one parser/retriever module with tests and strict typing.
A4: 3 | B4: Async and resilience patterns | C4: APE-017 to APE-020 | D4: You can design safe concurrent AI calls. | E4: Implement async bounded worker pipeline.
A5: 4 | B5: LLM internals + decoding | C5: APE-021 to APE-026 | D5: You can choose model settings by task type. | E5: Build a decoding sweep benchmark.
A6: 5 | B6: Prompting + schema outputs | C6: APE-027 to APE-035 | D6: You generate stable, valid structured outputs. | E6: Build extraction service with schema validation and retries.
A7: 6 | B7: Embeddings deep dive | C7: APE-036 to APE-041 | D7: You can explain embedding lifecycle and drift. | E7: Run embedding model comparison on your own corpus.
A8: 7 | B8: Vector DB internals | C8: APE-042 to APE-047 | D8: You can tune ANN indexes with evidence. | E8: Benchmark HNSW and IVF-PQ trade-offs.
A9: 8 | B9: RAG core pipeline | C9: APE-048 to APE-055 | D9: You can build and evaluate production-ready RAG. | E9: Build a grounded citation-aware RAG prototype.
A10: 9 | B10: Agentic orchestration | C10: APE-056 to APE-063 | D10: You can justify when agentic design is needed. | E10: Implement HITL interrupt-resume graph workflow.
A11: 10 | B11: FastAPI production depth | C11: APE-064 to APE-071 | D11: You can expose AI services with reliability patterns. | E11: Build FastAPI app with streaming, auth, and rate limits.
A12: 11 | B12: Data architecture + safety | C12: APE-072 to APE-083 | D12: You can design secure multi-store AI systems. | E12: Write architecture and threat model for one real use case.
A13: 12 | B13: Eval, cost, and product framing | C13: APE-084 onward | D13: You can run quality gates and cost-aware decisions. | E13: Create dashboard with eval metrics and cost model.

Sheet Interview_Q_Bank
A1: Category | B1: Question | C1: What a Strong Answer Includes
A2: RAG Engineering | B2: Walk me through every stage of a production RAG pipeline and where failures usually happen. | C2: Ingestion quality, chunking, retrieval config, reranking, context packing, grounded generation, evaluation, and feedback loops.
A3: Vector Databases | B3: Why use a vector DB when you already have PostgreSQL? | C3: ANN indexes, semantic nearest-neighbor capabilities, scale/performance trade-offs, and hybrid architecture patterns.
A4: Vector Databases | B4: How does cosine similarity work and when can it fail? | C4: Formula, angle intuition, normalization assumptions, and examples where euclidean/dot are better.
A5: Embeddings | B5: What is an embedding and how is it generated from text? | C5: Tokenizer to model forward pass, pooling strategy, dimension meaning, and model selection criteria.
A6: Embeddings | B6: How does an LLM use retrieved embeddings if it cannot read vectors directly? | C6: Retriever converts vectors to top documents/chunks; LLM consumes text context with citations.
A7: Agentic AI Systems | B7: What is the difference between an agent and a normal Python workflow? | C7: Autonomy, planning, uncertainty handling, tool decision loops, and when deterministic code is safer.
A8: Prompting + Structured Outputs | B8: How do you guarantee valid structured output from an LLM? | C8: Schema-constrained generation, parser validation, retry/repair loop, and fallback behavior.
A9: FastAPI + Backend Systems | B9: How would you design a FastAPI endpoint for long-running document ingestion? | C9: Async request acceptance, job queue, idempotency keys, progress status endpoint, and failure retries.
A10: Safety + Guardrails | B10: How do you defend against prompt injection in enterprise RAG? | C10: Layered controls: sanitization, retrieval constraints, policy checks, tool permissions, output filters, and audit logs.
A11: Evaluation + Observability | B11: How do you know your LLM system got better after a change? | C11: Golden datasets, offline metrics, online metrics, regression gates, statistical confidence, and trace analysis.

Sheet How_to_Use
A1: Step | B1: Instruction
A2: 1 | B2: Start with Priority=High topics in Learning_Roadmap.
A3: 2 | B3: Set Status and Progress_% every day or every study session.
A4: 3 | B4: Do not mark Completed unless Proof_Artifact exists.
A5: 4 | B5: Use Dashboard weekly to track completion and blocked items.
A6: 5 | B6: Follow 90_Day_Plan as baseline and adjust target dates based on your pace.
A7: 6 | B7: For every category, build at least one mini-project and one interview-ready explanation.
A8: 7 | B8: Add personal notes in Notes column: mistakes, fixes, and reusable patterns.
